{
  "elapsed_time": 122.61848329999975,
  "num_iter": 682,
  "best_model": "polynomial",
  "params": {
    "max_degree": 2,
    "degree_mask": [
      1,
      1
    ],
    "regularization": "lasso",
    "alpha": 0.0007041740975511333
  },
  "rmse": 0.014271591651809341,
  "metrics": {
    "rmse": 0.014271591651809341,
    "mse": 0.00020380594859300196,
    "mae": 0.011400144776914839,
    "r2": 0.999795319481383
  }
}