{
  "elapsed_time": 3603.4154275,
  "num_iter": 9433,
  "best_model": "polynomial",
  "params": {
    "max_degree": 2,
    "degree_mask": [
      1,
      1
    ],
    "regularization": "none",
    "alpha": 74966.07336225797
  },
  "rmse": 0.037879207140511406,
  "metrics": {
    "rmse": 0.037879207140511406,
    "mse": 0.001483002540366811,
    "mae": 0.02939297691526811,
    "r2": 0.9985170287196943
  }
}