{
  "elapsed_time": 423.2936288000001,
  "num_iter": 6905,
  "best_model": "ridge",
  "params": {
    "alpha": 8.144955505647043e-07
  },
  "rmse": 0.7543988244221469
}