{
  "elapsed_time": 305.56152549999933,
  "num_iter": 215,
  "best_model": "mlp",
  "params": {
    "hidden_layer_sizes": [
      96,
      152,
      48,
      16
    ],
    "activation": "relu",
    "alpha": 1.9072472883437296e-05,
    "learning_rate_init": 0.007804029570204368
  },
  "rmse": 0.3559479469101297,
  "metrics": {
    "rmse": 0.3559479469101297,
    "mse": 0.1267329837815226,
    "mae": 0.2710612043503042,
    "r2": 0.8717093059651112
  }
}