{
  "elapsed_time": 3617.484539699999,
  "num_iter": 1159,
  "best_model": "mlp",
  "params": {
    "hidden_layer_sizes": [
      200,
      160,
      176,
      160
    ],
    "activation": "relu",
    "alpha": 0.021278886665165406,
    "learning_rate_init": 0.0005128031367004358
  },
  "rmse": 0.35322624921246554
}