{
  "elapsed_time": 120.93507473600016,
  "dataset_name": "StabIndex.csv",
  "target_col": "num__cosmic_stability_index",
  "test_size": 0.2,
  "k_fold": 3,
  "execution_time": 120.0,
  "per_run_time_limit": 30,
  "memory_limit_mb": 8192,
  "seed": 1772217295,
  "verbosity_arg_kept_for_cli_compat": 2,
  "n_jobs": 1,
  "metrics": {
    "rmse": 0.33782148707334275,
    "mse": 0.1141233571284447,
    "mae": 0.26587088834120104,
    "r2": 0.8639077272944261
  }
}